{
    "lenses": {
      "0": {
        "order": 0,
        "parts": {
          "0": {
            "position": {
              "x": 0,
              "y": 0,
              "colSpan": 2,
              "rowSpan": 1
            },
            "metadata": {
              "inputs": [
                {
                  "name": "ComponentId",
                  "value": {
                    "Name": "Azure Monitor",
                    "ResourceId": "Azure Monitor",
                    "LinkedApplicationType": -2
                  }
                },
                {
                  "name": "ResourceIds",
                  "value": [
                    "Azure Monitor"
                  ],
                  "isOptional": true
                },
                {
                  "name": "Type",
                  "value": "workbook",
                  "isOptional": true
                },
                {
                  "name": "TimeContext",
                  "isOptional": true
                },
                {
                  "name": "ViewerMode",
                  "value": false,
                  "isOptional": true
                },
                {
                  "name": "GalleryResourceType",
                  "value": "Azure Monitor",
                  "isOptional": true
                },
                {
                  "name": "NotebookParams",
                  "value": "{\"Subscriptions\":[\"value::all\"],\"selectedTab\":\"overview\",\"compute\":\"azure\",\"hardware\":\"storage\",\"paas\":\"automation\",\"network\":\"blanknsgs\",\"monitor\":\"alerts\",\"Environment\":[\"value::1\"],\"Application\":[],\"ResourceType\":[\"value::all\"],\"BillingAccount\":null,\"Aggregation\":\"ResourceType\",\"TimeFrame\":\"MonthToDate\"}",
                  "isOptional": true
                },
                {
                  "name": "Location",
                  "value": "eastus",
                  "isOptional": true
                },
                {
                  "name": "Version",
                  "value": "1.0",
                  "isOptional": true
                }
              ],
              "type": "Extension/AppInsightsExtension/PartType/NotebookPinnedPart"
            }
          }
        }
      }
    },
    "metadata": {
      "model": {}
    },
  "name": "Inventory_Dashboard",
  "type": "Microsoft.Portal/dashboards",
  "location": "INSERT LOCATION",
  "tags": {
    "hidden-title": "Inventory_Dashboard"
  },
  "apiVersion": "2015-08-01-preview"
}