{
    "lenses": {
      "0": {
        "order": 0,
        "parts": {
          "0": {
            "position": {
              "x": 0,
              "y": 0,
              "colSpan": 6,
              "rowSpan": 6
            },
            "metadata": {
              "inputs": [
                {
                  "name": "partTitle",
                  "value": "Query 1",
                  "isOptional": true
                },
                {
                  "name": "query",
                  "value": "// Run query to see results.\nresources\n| where (resourceGroup =~ ('rg-mphx2'))\n| extend typeDisplayName1=case(type =~ 'microsoft.insights/components','Application Insights',type =~ 'microsoft.insights/privatelinkscopes','Azure Monitor Private Link Scope',type =~ 'microsoft.insights/webtests','Availability test',type =~ 'microsoft.insights/workbooks','Azure Workbook',type =~ 'microsoft.insights/workbooktemplates','Azure Workbook Template',type =~ 'microsoft.appplatform/spring','Azure Spring Apps',type =~ 'microsoft.cache/redisenterprise','Redis Enterprise',type =~ 'microsoft.cache/redisenterprise/databases','Cache',type =~ 'microsoft.cache/redis','Azure Cache for Redis',type =~ 'microsoft.visualstudio/account','Azure DevOps organization',(type =~ 'microsoft.visualstudio/account/project') and (kind =~ 'devopsproject'),'DevOps Starter',(type =~ 'microsoft.visualstudio/account/project') and (kind =~ 'project'),'DevOps Starter',(type =~ 'microsoft.visualstudio/account/project') and (kind =~ 'bootstrappedproject'),'DevOps Starter',type =~ 'microsoft.visualstudio/account/project','DevOps Starter',type =~ 'microsoft.devops/pipelines','DevOps Starter',type =~ 'microsoft.confluent/organizations','Confluent organization',type =~ 'microsoft.datadog/monitors','Datadog',type =~ 'dell.storage/filesystems','Dell APEX File Storage, An Azure Native Service',type =~ 'dynatrace.observability/monitors','Dynatrace',type =~ 'microsoft.elastic/monitors','Elastic',type =~ 'informatica.datamanagement/organizations','Informatica Organization',type =~ 'microsoft.logz/monitors','Logz.io',type =~ 'microsoft.logz/monitors/accounts','Logz sub account',type =~ 'newrelic.observability/monitors','New Relic',type =~ 'nginx.nginxplus/nginxdeployments','NGINXaaS',type =~ 'paloaltonetworks.cloudngfw/firewalls','Cloud NGFW by Palo Alto Networks',type =~ 'paloaltonetworks.cloudngfw/globalrulestacks','Global Rulestack',type =~ 'paloaltonetworks.cloudngfw/localrulestacks','Local Rulestack for Cloud NGFW by Palo Alto Networks',type =~ 'qumulo.storage/filesystems','Azure Native Qumulo Scalable File Service',type =~ 'solarwinds.observability/organizations','SolarWinds Observability',type =~ 'citrix.services/xenappessentials','Citrix Virtual Apps Essentials',type =~ 'citrix.services/xendesktopessentials','Citrix Virtual Desktops Essentials',type =~ 'microsoft.resourcegraph/queries','Resource Graph query',type =~ 'microsoft.portal/dashboards','Shared dashboard',type =~ 'microsoft.portal/virtual-privatedashboards','Private dashboard',type =~ 'microsoft.resources/subscriptions/resourcegroups','Resource group',type =~ 'microsoft.azureactivedirectory/b2cdirectories','B2C Tenant',type =~ 'microsoft.azureactivedirectory/ciamdirectories','Azure AD for customers (Preview)',type =~ 'microsoft.azureactivedirectory/guestusages','Guest Usage',type =~ 'microsoft.aad/domainservices','Azure AD Domain Services',type =~ 'microsoft.aadiam/privatelinkforazuread','Private Link for Azure AD',type =~ 'providers.test/statefulibizaengines','My Resource',type =~ 'microsoft.azurestackhci/clusters','Azure Stack HCI',type =~ 'microsoft.azurestackhci/galleryimages','Azure Stack HCI Gallery image - Azure Arc | Preview',type =~ 'microsoft.azurestackhci/marketplacegalleryimages','Azure Stack HCI Marketplace Gallery image - Azure Arc | Preview',type =~ 'microsoft.deviceupdate/accounts','Device Update for IoT Hub',type =~ 'microsoft.cdn/profiles','Front Door and CDN profile',type =~ 'microsoft.agfoodplatform/farmbeats','Azure Data Manager for Agriculture',type =~ 'microsoft.analysisservices/servers','Analysis Services',type =~ 'microsoft.fabric/capacities','Fabric Capacity',type =~ 'microsoft.anybuild/clusters','AnyBuild cluster',type =~ 'microsoft.mobilenetwork/packetcorecontrolplanes/packetcoredataplanes/attacheddatanetworks','Attached Data Network',type =~ 'microsoft.mobilenetwork/packetcorecontrolplanes','Packet Core Control Plane',type =~ 'microsoft.mobilenetwork/mobilenetworks/datanetworks','Data Network',type =~ 'microsoft.mobilenetwork/packetcorecontrolplanes/packetcoredataplanes','Packet Core Data Plane',type =~ 'microsoft.mobilenetwork/mobilenetworks','Mobile Network',type =~ 'microsoft.mobilenetwork/mobilenetworks/services','Service',type =~ 'microsoft.mobilenetwork/simgroups/sims','SIM',type =~ 'microsoft.mobilenetwork/simgroups','SIM Group',type =~ 'microsoft.mobilenetwork/mobilenetworks/simpolicies','SIM Policy',type =~ 'microsoft.mobilenetwork/mobilenetworks/sites','Mobile Network Site',type =~ 'microsoft.mobilenetwork/mobilenetworks/slices','Slice',type =~ 'microsoft.apimanagement/service','API Management service',type =~ 'microsoft.apimanagement/service/workspaces','Workspace',type =~ 'microsoft.solutions/applicationdefinitions','Service catalog managed application definition',type =~ 'microsoft.solutions/applications','Managed application',type =~ 'microsoft.vsonline/plans','Visual Studio Online Plan',type =~ 'microsoft.attestation/attestationproviders','Attestation provider',type =~ 'microsoft.automanage/serviceprincipals','ServicePrincipals',type =~ 'microsoft.automation/automationaccounts','Automation Account',type =~ 'microsoft.automation/automationaccounts/modules','Module',type =~ 'microsoft.automation/automationaccounts/hybridrunbookworkergroups','Hybrid Worker Group',type =~ 'microsoft.automation/automationaccounts/runbooks','Runbook',type =~ 'microsoft.appconfiguration/configurationstores','App Configuration',type =~ 'microsoft.batch/batchaccounts','Batch account',type =~ 'microsoft.resources/subscriptions','Subscription',type =~ 'microsoft.autonomoussystems/workspaces','Bonsai',(type =~ 'microsoft.botservice/botservices') and (kind =~ 'bot'),'Bot Channels Registration',(type =~ 'microsoft.botservice/botservices') and (kind =~ 'sdk'),'Web App Bot',(type =~ 'microsoft.botservice/botservices') and (kind =~ 'function'),'Functions Bot',(type =~ 'microsoft.botservice/botservices') and (kind =~ 'designer'),'Conversation Designer Bot',(type =~ 'microsoft.botservice/botservices') and (kind =~ 'azurebot'),'Azure Bot',type =~ 'microsoft.botservice/botservices','Bot Service',type =~ 'microsoft.cdn/profiles/endpoints/customdomains','Custom domain',type =~ 'microsoft.cdn/profiles/endpoints','Endpoint',type =~ 'microsoft.cdn/profiles/customdomains','Custom domain',type =~ 'microsoft.cdn/profiles/afdendpoints','Endpoint',type =~ 'microsoft.cdn/profiles/origingroups/origins','Origin',type =~ 'microsoft.cdn/profiles/origingroups','Origin group',type =~ 'microsoft.cdn/profiles/afdendpoints/routes','Route',type =~ 'microsoft.cdn/profiles/rulesets/rules','Rule',type =~ 'microsoft.cdn/profiles/rulesets','Rule set',type =~ 'microsoft.cdn/profiles/secrets','Secret',type =~ 'microsoft.cdn/profiles/securitypolicies','Security policy',type =~ 'microsoft.cdn/profiles/endpoints/origins','Origin',type =~ 'microsoft.chaos/experiments','Chaos Experiment',type =~ 'microsoft.classicstorage/storageaccounts/disks','Disk (classic)',type =~ 'microsoft.classicstorage/storageaccounts/osimages','OS image (classic)',type =~ 'microsoft.classicstorage/storageaccounts/vmimages','VM image (classic)',type =~ 'microsoft.classiccompute/virtualmachines','Virtual machine (classic)',type =~ 'microsoft.loadtestservice/loadtests','Azure Load Testing',type =~ 'microsoft.classiccompute/domainnames','Cloud service (classic)',type =~ 'microsoft.classiccompute/domainnames/slots/roles','Cloud service role (classic)',type =~ 'microsoft.compute/cloudservices','Cloud service (extended support)',type =~ 'microsoft.cloudtest/accounts','CloudTest Account',type =~ 'microsoft.cloudtest/hostedpools','1ES Hosted Pool',type =~ 'microsoft.cloudtest/images','1ES Image',type =~ 'microsoft.cloudtest/pools','CloudTest Pool',type =~ 'microsoft.codesigning/codesigningaccounts','Code Signing Account',type =~ 'microsoft.communication/communicationservices','Communication Service',type =~ 'microsoft.voiceservices/communicationsgateways','Communications Gateway',type =~ 'microsoft.voiceservices/communicationsgateways/testlines','Communications Gateway Test Line',type =~ 'microsoft.compute/availabilitysets','Availability set',type =~ 'microsoft.compute/capacityreservationgroups','Capacity Reservation Group',type =~ 'microsoft.compute/hostgroups','Host group',type =~ 'microsoft.compute/hostgroups/hosts','Host',type =~ 'microsoft.compute/proximityplacementgroups','Proximity placement group',type =~ 'microsoft.compute/sshpublickeys','SSH key',type =~ 'microsoft.all/virtualmachines','Virtual machine',type =~ 'microsoft.compute/virtualmachines','Virtual machine',type =~ 'microsoft.compute/virtualmachinescalesets','Virtual machine scale set',type =~ 'microsoft.confidentialledger/managedccfs','Managed CCF App',type =~ 'microsoft.confidentialledger/ledgers','Confidential Ledger',type =~ 'microsoft.connectedvehicle/platformaccounts','Connected Vehicle Platform',type =~ 'microsoft.containerregistry/registries','Container registry',type =~ 'microsoft.containerregistry/registries/replications','Container registry replication',type =~ 'microsoft.containerregistry/registries/scopemaps','Container registry scope map',type =~ 'microsoft.containerregistry/registries/tokens','Container registry token',type =~ 'microsoft.containerregistry/registries/webhooks','Container registry webhook',type =~ 'microsoft.redhatopenshift/openshiftclusters','Azure Red Hat OpenShift cluster',type =~ 'microsoft.containerservice/fleets','Kubernetes fleet manager | PREVIEW',type =~ 'microsoft.kubernetesconfiguration/extensions','Kubernetes service extension',type =~ 'microsoft.containerservice/managedclusters/microsoft.kubernetesconfiguration/extensions','Kubernetes service extension',type =~ 'microsoft.containerservice/managedclusters','Kubernetes service',type =~ 'microsoft.containerinstance/containergroups','Container instances',type =~ 'microsoft.kubernetes/connectedclusters/microsoft.kubernetesconfiguration/namespaces','Kubernetes - Azure Arc namespace',type =~ 'microsoft.containerservice/managedclusters/microsoft.kubernetesconfiguration/namespaces','Kubernetes namespace',type =~ 'microsoft.kubernetes/connectedclusters/microsoft.kubernetesconfiguration/fluxconfigurations','GitOps configuration',type =~ 'microsoft.containerservice/managedclusters/microsoft.kubernetesconfiguration/fluxconfigurations','GitOps configuration',type =~ 'microsoft.portalservices/extensions/deployments','Extension Deployment',type =~ 'microsoft.portalservices/extensions','Portal Extension',type =~ 'microsoft.portalservices/extensions/slots','Extension Slot',type =~ 'microsoft.portalservices/extensions/versions','Extension Version',type =~ 'microsoft.azuredatatransfer/connections','Connection',type =~ 'microsoft.azuredatatransfer/connections/flows','Flow',type =~ 'microsoft.azuredatatransfer/pipelines','Pipeline',type =~ 'microsoft.dashboard/grafana','Azure Managed Grafana',type =~ 'microsoft.databasewatcher/watchers','Database watcher',type =~ 'microsoft.databricks/accessconnectors','Access Connector for Azure Databricks',type =~ 'microsoft.databricks/workspaces','Azure Databricks Service',type =~ 'microsoft.datacatalog/catalogs','Data Catalog',type =~ 'microsoft.datacollaboration/workspaces','Project CI',type =~ 'microsoft.datafactory/datafactories','Data factory',type =~ 'microsoft.datafactory/factories','Data factory (V2)',type =~ 'microsoft.datalakeanalytics/accounts','Data Lake Analytics',type =~ 'microsoft.datalakestore/accounts','Data Lake Storage Gen1',type =~ 'microsoft.dataprotection/backupvaults','Backup vault',type =~ 'microsoft.dataprotection/resourceguards','Resource Guard',type =~ 'microsoft.datashare/accounts','Data Share',type =~ 'microsoft.clusterstor/nodes','ClusterStor',type =~ 'microsoft.baremetal/crayservers','Cray Server',type =~ 'microsoft.baremetal/monitoringservers','Monitoring Server',type =~ 'microsoft.securitydetonation/chambers','Security Detonation Chamber',type =~ 'microsoft.devcenter/devcenters/devboxdefinitions','Dev Box definition',type =~ 'microsoft.devcenter/devcenters','Dev center',type =~ 'microsoft.devcenter/networkconnections','Network connection | PREVIEW',type =~ 'microsoft.devcenter/projects/pools','Pool',type =~ 'microsoft.devcenter/projects','Project',type =~ 'microsoft.deviceregistry/devices','IoT Device',type =~ 'microsoft.devtestlab/labs','DevTest Lab',type =~ 'microsoft.devtestlab/labs/virtualmachines','Virtual machine',type =~ 'microsoft.digitaltwins/digitaltwinsinstances','Azure Digital Twins',type =~ 'microsoft.compute/locations/communitygalleries/images','Community image',type =~ 'microsoft.compute/disks','Disk',type =~ 'microsoft.compute/diskaccesses','Disk Access',type =~ 'microsoft.compute/diskencryptionsets','Disk Encryption Set',type =~ 'microsoft.storagepool/diskpools','Disk Pool',type =~ 'microsoft.compute/galleries/applications','VM application definition',type =~ 'microsoft.compute/galleries/applications/versions','VM application version',type =~ 'microsoft.compute/galleries/images','VM image definition',type =~ 'microsoft.compute/images','Image',type =~ 'microsoft.virtualmachineimages/imagetemplates','Image template',type =~ 'microsoft.compute/galleries/images/versions','VM image version',type =~ 'microsoft.compute/restorepointcollections/restorepoints','Restore Point',type =~ 'microsoft.compute/restorepointcollections','Restore Point Collection',type =~ 'microsoft.compute/galleries','Azure compute gallery',type =~ 'microsoft.compute/snapshots','Snapshot',type =~ 'microsoft.datamigration/services','Azure Database Migration Service (classic)',type =~ 'microsoft.datamigration/services/projects','Azure Database Migration Project',type =~ 'microsoft.datamigration/sqlmigrationservices','Azure Database Migration Service',type =~ 'microsoft.network/dnszones','DNS zone',type =~ 'microsoft.network/trafficmanagerprofiles','Traffic Manager profile',type =~ 'microsoft.network/dnsforwardingrulesets','DNS forwarding ruleset',type =~ 'microsoft.network/dnsresolvers','DNS private resolver',(type =~ 'microsoft.documentdb/databaseaccounts') and (kind =~ 'mongodb'),'Azure Cosmos DB for MongoDB account (RU)',type =~ 'microsoft.documentdb/databaseaccounts','Azure Cosmos DB account',type =~ 'microsoft.documentdb/cassandraclusters','Azure Managed Instance for Apache Cassandra',type =~ 'microsoft.documentdb/mongoclusters','Azure Cosmos DB for MongoDB (vCore)',(type =~ 'microsoft.dbforpostgresql/servergroupsv2') and (kind =~ 'cosmosdbforpostgresql'),'Azure Cosmos DB for PostgreSQL Cluster',type =~ 'microsoft.dbforpostgresql/servergroupsv2','Azure Cosmos DB for PostgreSQL Cluster',type =~ 'microsoft.easm/workspaces','Microsoft Defender EASM',(type =~ 'microsoft.databoxedge/databoxedgedevices') and (kind =~ 'azurestackedge'),'Azure Stack Edge',(type =~ 'microsoft.databoxedge/databoxedgedevices') and (kind =~ 'azurestackhub'),'Azure Stack Edge',(type =~ 'microsoft.databoxedge/databoxedgedevices') and (kind =~ 'azuremodulardatacentre'),'Azure Stack Edge',(type =~ 'microsoft.databoxedge/databoxedgedevices') and (kind =~ 'azuredataboxgateway'),'Azure Data Box Gateway',(type =~ 'microsoft.databoxedge/databoxedgedevices') and (kind =~ 'azurestackedgegroup'),'Azure Stack Edge',type =~ 'microsoft.databoxedge/databoxedgedevices','Azure Stack Edge',type =~ 'microsoft.edgeorder/addresses','Azure Edge Hardware Center Address',type =~ 'microsoft.edgeorder/orderitems','Azure Edge Hardware Center',type =~ 'microsoft.elasticsan/elasticsans','Elastic SAN',type =~ 'microsoft.web/connections','API Connection',type =~ 'microsoft.web/customapis','Logic apps custom connector',type =~ 'microsoft.web/connectiongateways','On-premises data gateway',type =~ 'microsoft.logic/integrationaccounts','Integration account',type =~ 'microsoft.logic/integrationserviceenvironments','Integration Service Environment',type =~ 'microsoft.logic/integrationserviceenvironments/managedapis','Managed Connector',type =~ 'microsoft.logic/workflows','Logic app',type =~ 'microsoft.communication/emailservices/domains','Email Communication Services Domain',type =~ 'microsoft.communication/emailservices','Email Communication Service',type =~ 'microsoft.eventgrid/partnernamespaces/channels','Event Grid Channel',type =~ 'microsoft.eventgrid/domains','Event Grid Domain',type =~ 'microsoft.eventgrid/domains/topics','Event Grid Domain Topic',type =~ 'microsoft.eventgrid/namespaces/topics','Event Grid Namespace Topic',type =~ 'microsoft.eventgrid/partnerconfigurations','Event Grid Partner Configuration',type =~ 'microsoft.eventgrid/partnerdestinations','Event Grid Partner Destination',type =~ 'microsoft.eventgrid/partnernamespaces','Event Grid Partner Namespace',type =~ 'microsoft.eventgrid/partnerregistrations','Event Grid Partner Registration',type =~ 'microsoft.eventgrid/partnertopics','Event Grid Partner Topic',type =~ 'microsoft.eventgrid/namespaces','Event Grid Namespace',type =~ 'microsoft.eventgrid/namespaces/topics/eventsubscriptions','Event Subscription',type =~ 'microsoft.eventgrid/systemtopics','Event Grid System Topic',type =~ 'microsoft.eventgrid/topics','Event Grid Topic',type =~ 'microsoft.eventhub/namespaces','Event Hubs Namespace',type =~ 'microsoft.eventhub/clusters','Event Hubs Cluster',type =~ 'microsoft.eventhub/namespaces/eventhubs','Event Hubs Instance',type =~ 'microsoft.eventhub/namespaces/schemagroups','Schema Group',type =~ 'microsoft.eventhub/namespaces/disasterrecoveryconfigs','Event Hubs Geo-DR Alias',type =~ 'microsoft.experimentation/experimentworkspaces','Experiment Workspace',type =~ 'microsoft.databox/jobs','Azure Data Box',type =~ 'microsoft.edgezones/edgezones','Azure Edge Zone Enterprise',type =~ 'microsoft.fluidrelay/fluidrelayservers','Fluid Relay',type =~ 'microsoft.network/frontdoors','Front Door and CDN profiles',type =~ 'github.enterprise/accounts','GitHub AE',type =~ 'microsoft.hdinsight/clusters','HDInsight cluster',type =~ 'microsoft.hdinsight/clusterpools/clusters','Azure HDInsight on AKS cluster',type =~ 'microsoft.hdinsight/clusterpools','Azure HDInsight on AKS cluster pool',type =~ 'microsoft.healthbot/healthbots','Azure Health Bot',type =~ 'microsoft.resourceconnector/appliances','Resource bridge',type =~ 'microsoft.arc/kubernetesresources','Azure Arc Kubernetes cluster',type =~ 'microsoft.arc/kubernetesresourcesfairfax','Azure Arc Kubernetes cluster',type =~ 'microsoft.kubernetes/connectedclusters','Kubernetes - Azure Arc',type =~ 'microsoft.kubernetes/connectedclusters/microsoft.kubernetesconfiguration/extensions','Kubernetes - Azure Arc extension',type =~ 'microsoft.hybridcontainerservice/provisionedclusters','Kubernetes hybrid - Azure Arc',type =~ 'microsoft.all/arcvirtualmachines','Azure Arc virtual machine',type =~ 'microsoft.scvmm/virtualmachines','SCVMM virtual machine - Azure Arc',type =~ 'microsoft.arc/all','Azure Arc enabled resources',type =~ 'microsoft.arc/allfairfax','Azure Arc enabled resources',type =~ 'microsoft.azurestackhci/virtualmachines','Azure Stack HCI virtual machine - Azure Arc',type =~ 'microsoft.extendedlocation/customlocations','Custom location',type =~ 'microsoft.hybridcompute/machines','Server - Azure Arc',type =~ 'microsoft.hybridcompute/privatelinkscopes','Azure Arc Private Link Scope',type =~ 'microsoft.scvmm/vmmservers','SCVMM management server',type =~ 'microsoft.connectedvmwarevsphere/vcenters','VMware vCenter',(type =~ 'microsoft.connectedvmwarevsphere/virtualmachines') and (kind =~ 'avs'),'AVS virtual machine',(type =~ 'microsoft.connectedvmwarevsphere/virtualmachines') and (kind =~ 'vmware'),'VMware virtual machine - Azure Arc',type =~ 'microsoft.connectedvmwarevsphere/virtualmachines','VMware + AVS virtual machine',(type =~ 'microsoft.hybridcompute/machines/microsoft.connectedvmwarevsphere/virtualmachineinstances') and (kind =~ 'avs'),'AVS virtual machine',(type =~ 'microsoft.hybridcompute/machines/microsoft.connectedvmwarevsphere/virtualmachineinstances') and (kind =~ 'vmware'),'VMware virtual machine - Azure Arc',type =~ 'microsoft.hybridcompute/machines/microsoft.connectedvmwarevsphere/virtualmachineinstances','VMware + AVS virtual machine',type =~ 'microsoft.azurearcdata/datacontrollers','Azure Arc data controller',type =~ 'microsoft.azurearcdata/postgresinstances','PostgreSQL server – Azure Arc',type =~ 'microsoft.azurearcdata/sqlmanagedinstances','SQL managed instance - Azure Arc',type =~ 'microsoft.azurearcdata/sqlserverinstances','SQL Server - Azure Arc',type =~ 'microsoft.azurearcdata/sqlserverinstances/databases','SQL Server database - Azure Arc',type =~ 'microsoft.network/applicationgateways','Application gateway',type =~ 'microsoft.network/bastionhosts','Bastion',type =~ 'microsoft.network/azurefirewalls','Firewall',type =~ 'microsoft.network/connections','Connection',type =~ 'microsoft.network/expressroutecircuits','ExpressRoute circuit',type =~ 'microsoft.network/expressrouteports','ExpressRoute Direct',type =~ 'microsoft.network/expressroutegateways','Microsoft.Network express route gateway',type =~ 'microsoft.network/expressroutegateways/expressrouteconnections','Microsoft.Network express route gateways express route connection',type =~ 'microsoft.networkfunction/azuretrafficcollectors','ExpressRoute traffic collector',type =~ 'microsoft.network/firewallpolicies','Firewall Policy',type =~ 'microsoft.network/ipgroups','IP Group',type =~ 'microsoft.network/localnetworkgateways','Local network gateway',type =~ 'microsoft.networkfunction/meshvpns','Mesh VPN',type =~ 'microsoft.network/routefilters','Route filter',type =~ 'microsoft.network/virtualnetworkgateways','Virtual network gateway',(type =~ 'microsoft.network/virtualhubs') and (kind =~ 'routeserver'),'Route Server',type =~ 'microsoft.network/virtualhubs','Microsoft.Network/virtualHub',type =~ 'microsoft.network/virtualwans','Virtual WAN',type =~ 'microsoft.network/networkexperimentprofiles','Internet Analyzer profile',type =~ 'microsoft.iotcentral/iotapps','IoT Central Application',type =~ 'microsoft.devices/provisioningservices','Azure IoT Hub Device Provisioning Service (DPS)',type =~ 'microsoft.devices/iothubs','IoT Hub',type =~ 'microsoft.storagesync/storagesyncservices','Storage Sync Service',type =~ 'microsoft.keyvault/vaults','Key vault',type =~ 'microsoft.kusto/clusters','Azure Data Explorer Cluster',type =~ 'microsoft.kusto/clusters/databases','Azure Data Explorer Database',type =~ 'microsoft.synapse/workspaces/kustopools','Data Explorer pool (preview)',type =~ 'microsoft.synapse/workspaces/kustopools/databases','Data Explorer Database',type =~ 'microsoft.maps/accounts/creators','Azure Maps Creator Resource',type =~ 'microsoft.maps/accounts','Azure Maps Account',type =~ 'microsoft.maintenance/maintenanceconfigurations','Maintenance Configuration',type =~ 'microsoft.keyvault/managedhsms','Azure Key Vault Managed HSM',type =~ 'microsoft.labservices/labs','Lab',type =~ 'microsoft.labservices/labaccounts','Lab account',type =~ 'microsoft.labservices/labplans','Lab plan',type =~ 'microsoft.labservices/labaccounts/labs','Lab',type =~ 'microsoft.network/networkmanagers','Network manager',type =~ 'microsoft.network/networkmanagers/connectivityconfigurations','Network manager',type =~ 'microsoft.network/networkmanagers/networkgroups','Network manager',type =~ 'microsoft.network/networkmanagers/securityadminconfigurations','Network manager',type =~ 'microsoft.network/networkmanagers/securityuserconfigurations','Network manager',type =~ 'microsoft.network/networkmanagers/routingconfigurations','Network manager',type =~ 'microsoft.managedidentity/userassignedidentities','Managed Identity',type =~ 'microsoft.gallery/myareas/galleryitems','Template',type =~ 'microsoft.saas/saasresources','SaaS (classic)',type =~ 'microsoft.saas/applications','Software as a Service (classic)',type =~ 'microsoft.saas/resources','SaaS',type =~ 'microsoft.media/mediaservices/liveevents','Live event',type =~ 'microsoft.media/mediaservices','Media service',type =~ 'microsoft.media/mediaservices/streamingendpoints','Streaming Endpoint',type =~ 'microsoft.metaverse/metaverses/events','Event',type =~ 'microsoft.metaverse/metaverses','Mesh world',type =~ 'microsoft.metaverse/metaverses/spaces','Space',type =~ 'microsoft.metaverse/metaverses/templates','Template',type =~ 'microsoft.migrate/projects','Migration project',type =~ 'microsoft.machinelearning/commitmentplans','Machine Learning Studio (classic) web service plan',type =~ 'microsoft.machinelearningservices/workspaces/onlineendpoints/deployments','Machine learning online deployment',type =~ 'microsoft.machinelearningservices/workspaces/onlineendpoints','Machine learning online endpoint',type =~ 'microsoft.machinelearningservices/registries','Azure Machine Learning registry',(type =~ 'microsoft.machinelearningservices/workspaces') and (kind =~ 'default'),'Azure Machine Learning workspace',(type =~ 'microsoft.machinelearningservices/workspaces') and (kind =~ 'featurestore'),'Azure Machine Learning feature store',type =~ 'microsoft.machinelearningservices/workspaces','Azure Machine Learning workspace',type =~ 'microsoft.machinelearning/webservices','Machine Learning Studio (classic) web service',type =~ 'microsoft.machinelearning/workspaces','Machine Learning Studio (classic) workspace',type =~ 'microsoft.modsimworkbench/workbenches/chambers','Chamber (preview)',type =~ 'microsoft.modsimworkbench/workbenches/chambers/connectors','Chamber Connector (preview)',type =~ 'microsoft.modsimworkbench/workbenches/chambers/files','Chamber Data Pipeline File (preview)',type =~ 'microsoft.modsimworkbench/workbenches/chambers/filerequests','Chamber Data Pipeline File Request (preview)',type =~ 'microsoft.modsimworkbench/workbenches/chambers/licenses','Chamber License (preview)',type =~ 'microsoft.modsimworkbench/workbenches/chambers/storages','Chamber Storage (preview)',type =~ 'microsoft.modsimworkbench/workbenches/chambers/workloads','Chamber VM (preview)',type =~ 'microsoft.modsimworkbench/workbenches/sharedstorages','Shared Storage (preview)',type =~ 'microsoft.modsimworkbench/workbenches','Modeling and Simulation Workbench (preview)',type =~ 'microsoft.eventhub/namespaces/providers/diagnosticsettings','Diagnostic settings',type =~ 'microsoft.insights/diagnosticsettings','Diagnostic settings',type =~ 'microsoft.insights/datacollectionendpoints','Data collection endpoint',type =~ 'microsoft.insights/datacollectionrules','Data collection rule',type =~ 'microsoft.monitor/accounts','Azure Monitor workspace',type =~ 'microsoft.insights/actiongroups','Action group',type =~ 'microsoft.insights/activitylogalerts','Activity log alert rule',type =~ 'microsoft.alertsmanagement/actionrules','Alert processing rule',type =~ 'microsoft.insights/scheduledqueryrules','Log search alert rule',type =~ 'microsoft.insights/metricalerts','Metric alert rule',type =~ 'microsoft.alertsmanagement/smartdetectoralertrules','Smart detector alert rule',type =~ 'microsoft.netapp/netappaccounts','NetApp account',type =~ 'microsoft.netapp/netappaccounts/capacitypools','Capacity pool',type =~ 'microsoft.netapp/netappaccounts/capacitypools/volumes/snapshots','Snapshot',type =~ 'microsoft.netapp/netappaccounts/snapshotpolicies','Snapshot policy',type =~ 'microsoft.netapp/netappaccounts/capacitypools/volumes','Volume',type =~ 'microsoft.netapp/netappaccounts/volumegroups','VolumeGroup',type =~ 'microsoft.netapp/netappaccounts/capacitypools/volumes/volumequotarules','User and group quota',type =~ 'microsoft.network/applicationsecuritygroups','Application security group',type =~ 'microsoft.classicnetwork/networksecuritygroups','Network security group (classic)',type =~ 'microsoft.classicnetwork/virtualnetworks','Virtual network (classic)',type =~ 'microsoft.network/customipprefixes','Custom IP Prefix',type =~ 'microsoft.network/ddosprotectionplans','DDoS protection plan',type =~ 'microsoft.compute/virtualmachines/providers/guestconfigurationassignments','Guest Assignment',type =~ 'microsoft.hybridcompute/machines/providers/guestconfigurationassignments','Guest Assignment',type =~ 'microsoft.compute/virtualmachinescalesets/providers/guestconfigurationassignments','Guest Assignment',type =~ 'microsoft.connectedvmwarevsphere/virtualmachines/providers/guestconfigurationassignments','Guest Assignment',type =~ 'microsoft.network/loadbalancers','Load balancer',type =~ 'microsoft.network/natgateways','NAT gateway',(type =~ 'microsoft.network/networkinterfaces') and (kind =~ 'regular'),'Network Interface',(type =~ 'microsoft.network/networkinterfaces') and (kind =~ 'elastic'),'Elastic Network Interface',(type =~ 'microsoft.network/networkinterfaces') and (kind =~ 'parent'),'Parent Network Interface',type =~ 'microsoft.network/networkinterfaces','Network interface',type =~ 'microsoft.network/networksecuritygroups','Network security group',type =~ 'microsoft.network/networkwatchers','Network Watcher',type =~ 'microsoft.network/networkwatchers/flowlogs','Flow log',type =~ 'microsoft.network/privateendpoints','Private endpoint',type =~ 'microsoft.management/managementgroups/providers/privatelinkassociations','Application Gateway',type =~ 'microsoft.network/privatelinkservices','Private link service',type =~ 'microsoft.network/publicipaddresses','Public IP address',type =~ 'microsoft.network/publicipprefixes','Public IP Prefix',type =~ 'microsoft.classicnetwork/reservedips','Reserved IP address (classic)',type =~ 'microsoft.authorization/resourcemanagementprivatelinks','Resource management private link',type =~ 'microsoft.network/routetables','Route table',(type =~ 'microsoft.network/serviceendpointpolicies') and (kind =~ 'internal'),'Service endpoint policy',type =~ 'microsoft.network/serviceendpointpolicies','Service endpoint policy',type =~ 'microsoft.network/virtualnetworks','Virtual network',type =~ 'microsoft.network/virtualnetworktaps','Virtual Network Terminal Access Point',type =~ 'microsoft.network/applicationgatewaywebapplicationfirewallpolicies','Application Gateway WAF policy',type =~ 'microsoft.cdn/cdnwebapplicationfirewallpolicies','Content Delivery Network WAF policy',type =~ 'microsoft.network/frontdoorwebapplicationfirewallpolicies','Front Door WAF policy',type =~ 'microsoft.network/networksecurityperimeters/profiles','Network Security Perimeter',type =~ 'microsoft.network/networksecurityperimeters','Network Security Perimeter',type =~ 'microsoft.network/networkverifiers','Network Verifier',type =~ 'microsoft.notificationhubs/namespaces','Notification Hub Namespace',type =~ 'microsoft.notificationhubs/namespaces/notificationhubs','Notification Hub',type =~ 'microsoft.openenergyplatform/energyservices','Azure Data Manager for Energy',type =~ 'microsoft.openlogisticsplatform/workspaces','Open Supply Chain Platform',type =~ 'microsoft.scom/managedinstances','SCOM managed instance',type =~ 'microsoft.orbital/cloudaccessrouters','Cloud Access Router',type =~ 'microsoft.orbital/terminals','Cloud Access Terminal',type =~ 'microsoft.orbital/sdwancontrollers','SDWAN Controller',type =~ 'microsoft.orbital/spacecrafts/contacts','Contact',type =~ 'microsoft.orbital/contactprofiles','Contact Profile',type =~ 'microsoft.orbital/edgesites','Edge Site',type =~ 'microsoft.orbital/groundstations','Ground Station',type =~ 'microsoft.orbital/l2connections','L2 Connection',type =~ 'microsoft.orbital/spacecrafts','Spacecraft',type =~ 'microsoft.dbformysql/flexibleservers','Azure Database for MySQL flexible server',type =~ 'microsoft.dbforpostgresql/flexibleservers','Azure Database for PostgreSQL flexible server',type =~ 'private.integrationservice/spaces','Integration Space',type =~ 'microsoft.peering/peerings','Peering',type =~ 'microsoft.peering/peeringservices','Peering Service',type =~ 'microsoft.peering/peeringservices/prefixes','Peering Service Prefix',type =~ 'microsoft.peering/peerings/registeredasns','Registered ASN',type =~ 'microsoft.peering/peerings/registeredprefixes','Registered prefix',type =~ 'microsoft.azureplaywrightservice/accounts','Playwright Testing',type =~ 'microsoft.powerbidedicated/capacities','Power BI Embedded',type =~ 'microsoft.network/privatednszones','Private DNS zone',type =~ 'microsoft.purview/accounts','Microsoft Purview account',type =~ 'microsoft.cognitiveservices/browseallinone','Cognitive services multi-service account',type =~ 'microsoft.cognitiveservices/browseanomalydetector','Anomaly detector',type =~ 'microsoft.cognitiveservices/browseappliedai','All applied AI services',type =~ 'microsoft.cognitiveservices/browseappliedaihub','Applied AI service',(type =~ 'microsoft.cognitiveservices/accounts') and (kind =~ 'todofix'),'Cognitive Service',(type =~ 'microsoft.cognitiveservices/accounts') and (kind =~ 'anomalydetector'),'Anomaly detector',(type =~ 'microsoft.cognitiveservices/accounts') and (kind =~ 'bing.autosuggest'),'Cognitive Service',(type =~ 'microsoft.cognitiveservices/accounts') and (kind =~ 'bing.autosuggest.v7'),'Cognitive Service',(type =~ 'microsoft.cognitiveservices/accounts') and (kind =~ 'bing.customsearch'),'Cognitive Service',(type =~ 'microsoft.cognitiveservices/accounts') and (kind =~ 'bing.customvisualsearch'),'Cognitive Service',(type =~ 'microsoft.cognitiveservices/accounts') and (kind =~ 'bing.entitysearch'),'Cognitive Service',(type =~ 'microsoft.cognitiveservices/accounts') and (kind =~ 'bing.search'),'Cognitive Service',(type =~ 'microsoft.cognitiveservices/accounts') and (kind =~ 'bing.search.v7'),'Cognitive Service',(type =~ 'microsoft.cognitiveservices/accounts') and (kind =~ 'bing.speech'),'Cognitive Service',(type =~ 'microsoft.cognitiveservices/accounts') and (kind =~ 'bing.spellcheck'),'Cognitive Service',(type =~ 'microsoft.cognitiveservices/accounts') and (kind =~ 'bing.spellcheck.v7'),'Cognitive Service',(type =~ 'microsoft.cognitiveservices/accounts') and (kind =~ 'cognitiveservices'),'Cognitive services multi-service account',(type =~ 'microsoft.cognitiveservices/accounts') and (kind =~ 'computervision'),'Computer vision',(type =~ 'microsoft.cognitiveservices/accounts') and (kind =~ 'contentmoderator'),'Content moderator',(type =~ 'microsoft.cognitiveservices/accounts') and (kind =~ 'contentsafety'),'Content safety',(type =~ 'microsoft.cognitiveservices/accounts') and (kind =~ 'customvision.prediction'),'Custom vision',(type =~ 'microsoft.cognitiveservices/accounts') and (kind =~ 'customvision.training'),'Custom vision',(type =~ 'microsoft.cognitiveservices/accounts') and (kind =~ 'emotion'),'Cognitive Service',(type =~ 'microsoft.cognitiveservices/accounts') and (kind =~ 'face'),'Face API',(type =~ 'microsoft.cognitiveservices/accounts') and (kind =~ 'formrecognizer'),'Form recognizer',(type =~ 'microsoft.cognitiveservices/accounts') and (kind =~ 'immersivereader'),'Immersive reader',(type =~ 'microsoft.cognitiveservices/accounts') and (kind =~ 'healthdecisionsupport'),'Health decision support',(type =~ 'microsoft.cognitiveservices/accounts') and (kind =~ 'inkrecognizer'),'Cognitive Service',(type =~ 'microsoft.cognitiveservices/accounts') and (kind =~ 'luis'),'Language understanding',(type =~ 'microsoft.cognitiveservices/accounts') and (kind =~ 'luis.authoring'),'Language understanding',(type =~ 'microsoft.cognitiveservices/accounts') and (kind =~ 'metricsadvisor'),'Metrics advisor',(type =~ 'microsoft.cognitiveservices/accounts') and (kind =~ 'openai'),'Azure OpenAI',(type =~ 'microsoft.cognitiveservices/accounts') and (kind =~ 'personalizer'),'Personalizer',(type =~ 'microsoft.cognitiveservices/accounts') and (kind =~ 'qnamaker'),'QnA maker',(type =~ 'microsoft.cognitiveservices/accounts') and (kind =~ 'speakerrecognition'),'Cognitive Service',(type =~ 'microsoft.cognitiveservices/accounts') and (kind =~ 'speechservices'),'Speech service',(type =~ 'microsoft.cognitiveservices/accounts') and (kind =~ 'speechtranslation'),'Cognitive Service',(type =~ 'microsoft.cognitiveservices/accounts') and (kind =~ 'textanalytics'),'Language',(type =~ 'microsoft.cognitiveservices/accounts') and (kind =~ 'texttranslation'),'Translator',(type =~ 'microsoft.cognitiveservices/accounts') and (kind =~ 'videointelligence'),'Cognitive Service',type =~ 'microsoft.cognitiveservices/accounts','Cognitive Service',type =~ 'microsoft.cognitiveservices/browsecomputervision','Computer vision',type =~ 'microsoft.cognitiveservices/browsecontentmoderator','Content moderator',type =~ 'microsoft.cognitiveservices/browsecontentsafety','Content safety',type =~ 'microsoft.cognitiveservices/browsecustomvision','Custom vision',type =~ 'microsoft.cognitiveservices/browseface','Face API',type =~ 'microsoft.cognitiveservices/browseformrecognizer','Form recognizer',type =~ 'microsoft.cognitiveservices/browsehealthdecisionsupport','Health decision support',type =~ 'microsoft.cognitiveservices/browsehealthinsights','Health Insights',type =~ 'microsoft.cognitiveservices/browseimmersivereader','Immersive reader',type =~ 'microsoft.cognitiveservices/browseluis','Language understanding',type =~ 'microsoft.cognitiveservices/browsemetricsadvisor','Metrics advisor',type =~ 'microsoft.cognitiveservices/browseopenai','Azure OpenAI',type =~ 'microsoft.cognitiveservices/browsepersonalizer','Personalizer',type =~ 'microsoft.cognitiveservices/browseqnamaker','QnA maker',type =~ 'microsoft.cognitiveservices/browsespeechservices','Speech service',type =~ 'microsoft.cognitiveservices/browsetextanalytics','Language',type =~ 'microsoft.cognitiveservices/browsetexttranslation','Translator',type =~ 'microsoft.quantum/workspaces','Quantum Workspace',type =~ 'microsoft.recommendationsservice/accounts','Intelligent Recommendations Account',type =~ 'microsoft.recommendationsservice/accounts/modeling','Modeling',type =~ 'microsoft.recommendationsservice/accounts/serviceendpoints','Service Endpoint',type =~ 'microsoft.recoveryservices/vaults','Recovery Services vault',type =~ 'microsoft.recoveryservicesbvtd/vaults','Recovery Services BVTD',type =~ 'microsoft.recoveryservicesbvtd2/vaults','Recovery Services BVTD2',type =~ 'microsoft.recoveryservicesintd/vaults','Recovery Services INTD',type =~ 'microsoft.recoveryservicesintd2/vaults','Recovery Services INTD2',type =~ 'microsoft.recoveryservices/vaults/backupfabrics/protectioncontainers/protecteditems','Backup Item',type =~ 'microsoft.relay/namespaces/hybridconnections','Hybrid Connection',type =~ 'microsoft.relay/namespaces','Relay',type =~ 'microsoft.relay/namespaces/wcfrelays','WCF Relay',type =~ 'microsoft.billing/billingaccounts/incentiveschedules','Incentive Schedule',type =~ 'microsoft.billingbenefits/incentiveschedules','Incentive Schedule',type =~ 'microsoft.capacity/reservationorders/reservations','Reservation',type =~ 'microsoft.billing/billingaccounts/savingsplanorders/savingsplans','Savings plan',type =~ 'microsoft.billingbenefits/savingsplanorders/savingsplans','Savings plan',type =~ 'microsoft.billing/billingaccounts/incentiveschedules/milestones','Milestone',type =~ 'microsoft.billingbenefits/incentiveschedules/milestones','Milestone',type =~ 'microsoft.capacity/reservationorders','Reservation order',type =~ 'microsoft.billing/billingaccounts/savingsplanorders','Savings plan order',type =~ 'microsoft.billingbenefits/savingsplanorders','Savings plan order',type =~ 'microsoft.deploymentmanager/rollouts','Rollout',type =~ 'microsoft.resources/deploymentstacks','Deployment stack',type =~ 'microsoft.resources/deploymentstacks/snapshots','Deployment stack snapshot',type =~ 'microsoft.resources/resourcechanges','Resource change',type =~ 'microsoft.baremetalinfrastructure/baremetalinstances','BareMetal Instance',type =~ 'microsoft.hanaonazure/hanainstances','SAP HANA on Azure',type =~ 'microsoft.workloads/sapvirtualinstances/applicationinstances','App server instance for SAP solutions',type =~ 'microsoft.workloads/sapvirtualinstances/centralinstances','Central service instance for SAP solutions',type =~ 'microsoft.workloads/sapvirtualinstances/databaseinstances','Database for SAP solutions',type =~ 'microsoft.workloads/sapvirtualinstances','Virtual Instance for SAP solutions',type =~ 'microsoft.search/allsearchresources','Cognitive Search Resource',type =~ 'microsoft.cognitivesearch/indexes','Search index',type =~ 'private.search/indexes','Search index (private RP)',type =~ 'microsoft.search/searchservices','Search service',type =~ 'microsoft.security/locations/alerts','Security Alert',type =~ 'microsoft.securityinsightsarg/sentinel','Microsoft Sentinel',type =~ 'microsoft.servicebus/namespaces','Service Bus Namespace',type =~ 'microsoft.servicebus/namespaces/disasterrecoveryconfigs','Service Bus Geo-DR Alias',type =~ 'microsoft.servicebus/namespaces/queues','Service Bus Queue',type =~ 'microsoft.servicebus/namespaces/topics/subscriptions','Service Bus Subscription',type =~ 'microsoft.servicebus/namespaces/topics','Service Bus Topic',type =~ 'microsoft.servicefabric/managedclusters','Service Fabric managed cluster',type =~ 'microsoft.servicefabric/clusters','Service Fabric cluster',type =~ 'microsoft.signalrservice/signalr','SignalR',type =~ 'microsoft.signalrservice/webpubsub','Web PubSub Service',type =~ 'microsoft.datareplication/replicationvaults','Site Recovery vault',type =~ 'microsoft.classicstorage/storageaccounts','Storage account (classic)',type =~ 'microsoft.storage/storageaccounts','Storage account',type =~ 'microsoft.storagecache/amlfilesystems','Azure Managed Lustre (Preview)',type =~ 'microsoft.storagecache/caches','HPC cache',type =~ 'microsoft.storagemover/storagemovers','Storage mover',type =~ 'microsoft.storage/storagetasks','Storage task',type =~ 'microsoft.streamanalytics/clusters','Stream Analytics cluster',type =~ 'microsoft.streamanalytics/streamingjobs','Stream Analytics job',type =~ 'microsoft.support/supporttickets','Support Request',type =~ 'microsoft.synapse/privatelinkhubs','Synapse private link hub',type =~ 'microsoft.synapse/workspaces/scopepools','SCOPE pool',type =~ 'microsoft.synapse/workspaces/bigdatapools','Apache Spark pool',(type =~ 'microsoft.synapse/workspaces/sqlpools') and (kind =~ 'v3'),'Dedicated SQL pool',type =~ 'microsoft.synapse/workspaces/sqlpools','Dedicated SQL pool',type =~ 'microsoft.synapse/workspaces','Synapse workspace',type =~ 'microsoft.resources/builtintemplatespecs','Built-in template spec',type =~ 'microsoft.resources/templatespecs','Template spec',type =~ 'microsoft.management/managementgroups/providers/templatespecs','Template spec',type =~ 'microsoft.resources/deploymentscripts','Deployment Script',type =~ 'microsoft.timeseriesinsights/environments/accesspolicies','Time Series Insights access policy',type =~ 'microsoft.timeseriesinsights/environments','Time Series Insights environment',type =~ 'microsoft.timeseriesinsights/environments/eventsources','Time Series Insights event source',type =~ 'microsoft.timeseriesinsights/environments/referencedatasets','Time Series Insights reference data set',type =~ 'microsoft.testbase/testbaseaccounts/packages','Test Base Package',type =~ 'microsoft.testbase/testbaseaccounts','Test Base Account',type =~ 'microsoft.testbase/testbaseaccounts/testconfigurations','Test Configuration',type =~ 'microsoft.mission/catalogs','Catalog',type =~ 'microsoft.mission/communities','Community',type =~ 'microsoft.mission/virtualenclaves/endpoints','Endpoint',type =~ 'microsoft.mission/externalconnections','ExternalConnection',type =~ 'microsoft.mission/internalconnections','InternalConnection',type =~ 'microsoft.mission/virtualenclaves','Virtual enclave',type =~ 'microsoft.mission/virtualenclaves/workloads','Workload',type =~ 'microsoft.hybridnetwork/configurationgroupvalues','Configuration Group',type =~ 'microsoft.hybridnetwork/publishers/configurationgroupschemas','Configuration Group Schema',type =~ 'microsoft.hybridnetwork/publishers/networkfunctiondefinitiongroups','Network Function Definition',type =~ 'microsoft.hybridnetwork/publishers/networkfunctiondefinitiongroups/networkfunctiondefinitionversions','Network Function Definition Version',type =~ 'microsoft.hybridnetwork/publishers/networkservicedesigngroups','Network Service Design',type =~ 'microsoft.hybridnetwork/publishers/networkservicedesigngroups/networkservicedesignversions','Network Service Design Version',type =~ 'microsoft.hybridnetwork/publishers/artifactstores/artifactmanifests','Publisher Artifact Manifest',type =~ 'microsoft.hybridnetwork/publishers/artifactstores','Publisher Artifact Store',type =~ 'microsoft.hybridnetwork/publishers','Publisher',type =~ 'microsoft.hybridnetwork/sites','Site',type =~ 'microsoft.hybridnetwork/sitenetworkservices','Site Network Service',type =~ 'microsoft.networkanalytics/dataconnectors','Data Connector',type =~ 'microsoft.networkanalytics/datalakehouses','Data LakeHouse',type =~ 'microsoft.hybridnetwork/devices','Azure Network Function Manager – Device',type =~ 'microsoft.hybridnetwork/vendors','Azure Network Function Manager – vendor',type =~ 'microsoft.hybridnetwork/networkfunctions','Azure Network Function Manager – Network Function',type =~ 'microsoft.windowspushnotificationservices/registrations','Windows Push Notification Service',type =~ 'microsoft.hanaonazure/sapmonitors','Azure Monitor for SAP Solutions (classic)',type =~ 'microsoft.workloads/monitors','Azure Monitor for SAP solutions',(type =~ 'microsoft.desktopvirtualization/applicationgroups') and (kind =~ 'desktop'),'Application group',(type =~ 'microsoft.desktopvirtualization/applicationgroups') and (kind =~ 'railapplications'),'Application group',type =~ 'microsoft.desktopvirtualization/applicationgroups','Application group',type =~ 'microsoft.desktopvirtualization/hostpools','Host pool',type =~ 'microsoft.desktopvirtualization/scalingplans','Scaling plan',type =~ 'microsoft.desktopvirtualization/workspaces','Workspace',(type =~ 'microsoft.bing/accounts') and (kind =~ 'bing.autosuggest.v7'),'Bing Resource',(type =~ 'microsoft.bing/accounts') and (kind =~ 'bing.customsearch'),'Bing Resource',(type =~ 'microsoft.bing/accounts') and (kind =~ 'bing.entitysearch'),'Bing Resource',(type =~ 'microsoft.bing/accounts') and (kind =~ 'bing.search.v7'),'Bing Resource',(type =~ 'microsoft.bing/accounts') and (kind =~ 'bing.spellcheck.v7'),'Bing Resource',type =~ 'microsoft.bing/accounts','Bing Resource',type =~ 'microsoft.mixedreality/objectanchorsaccounts','Object Anchors Account',type =~ 'microsoft.mixedreality/objectunderstandingaccounts','Object Understanding Account',type =~ 'microsoft.mixedreality/remoterenderingaccounts','Remote Rendering Account',type =~ 'microsoft.mixedreality/spatialanchorsaccounts','Spatial Anchors Account',type =~ 'microsoft.connectedcache/cachenodes','Connected Cache for ISP (early preview)',type =~ 'microsoft.connectedcache/enterprisecustomers','Connected Cache for Enterprise & Education (early preview)',type =~ 'microsoft.connectedcache/enterprisemcccustomers','Connected Cache for Enterprise & Education',type =~ 'microsoft.connectedcache/ispcustomers','Connected Cache for ISP',type =~ 'microsoft.healthcareapis/workspaces/dicomservices','DICOM service',type =~ 'microsoft.healthcareapis/services','Azure API for FHIR',type =~ 'microsoft.healthcareapis/workspaces','Health Data Services workspace',type =~ 'microsoft.healthcareapis/workspaces/iotconnectors','MedTech service',type =~ 'microsoft.healthcareapis/workspaces/fhirservices','FHIR service',type =~ 'microsoft.operationsmanagement/solutions','Solution',type =~ 'microsoft.operationalinsights/workspaces','Log Analytics workspace',type =~ 'microsoft.operationalinsights/querypacks','Log Analytics query pack',type =~ 'microsoft.genomics/accounts','Genomics account',type =~ 'microsoft.serviceshub/connectors','Services Hub Connector',type =~ 'microsoft.videoindexer/accounts','Azure Video Indexer',type =~ 'microsoft.windowsesu/multipleactivationkeys','Windows Multiple Activation Key',type =~ 'microsoft.azurescan/scanningaccounts','ESRP Scan',type =~ 'microsoft.sql/azuresql','Azure SQL resource',(type =~ 'microsoft.sql/servers/databases') and (kind =~ 'system'),'SQL database',(type =~ 'microsoft.sql/servers/databases') and (kind =~ 'v2.0,system'),'SQL database',(type =~ 'microsoft.sql/servers/databases') and (kind =~ 'v12.0,system'),'SQL database',(type =~ 'microsoft.sql/servers/databases') and (kind =~ 'v2.0,user'),'SQL database',(type =~ 'microsoft.sql/servers/databases') and (kind =~ 'v12.0,user'),'SQL database',(type =~ 'microsoft.sql/servers/databases') and (kind =~ 'v12.0,user,vcore'),'SQL database',(type =~ 'microsoft.sql/servers/databases') and (kind =~ 'v12.0,user,vcore,hyperscale'),'SQL database',(type =~ 'microsoft.sql/servers/databases') and (kind =~ 'v12.0,user,vcore,serverless'),'SQL database',(type =~ 'microsoft.sql/servers/databases') and (kind =~ 'v12.0,user,stretch'),'SQL Server stretch database',(type =~ 'microsoft.sql/servers/databases') and (kind =~ 'v12.0,user,datawarehouse'),'Dedicated SQL pool (formerly SQL DW)',(type =~ 'microsoft.sql/servers/databases') and (kind =~ 'v12.0,user,datawarehouse,gen2'),'Dedicated SQL pool (formerly SQL DW)',(type =~ 'microsoft.sql/servers/databases') and (kind =~ 'v12.0,user,datawarehouse,gen2,analytics'),'SQL database',type =~ 'microsoft.sql/servers/databases','SQL database',type =~ 'microsoft.sql/servers/jobagents','Elastic Job agent',type =~ 'microsoft.sql/servers/elasticpools','SQL elastic pool',type =~ 'microsoft.sql/instancepools','Instance pool',type =~ 'microsoft.sql/managedinstances/databases','Managed database',type =~ 'microsoft.sql/managedinstances','SQL managed instance',type =~ 'microsoft.dbformariadb/servers','Azure Database for MariaDB server',type =~ 'microsoft.dbformysql/servers','Azure Database for MySQL single server',type =~ 'microsoft.dbforpostgresql/servers','Azure Database for PostgreSQL single server',(type =~ 'microsoft.sql/servers') and (kind =~ 'v12.0,analytics'),'SQL server',type =~ 'microsoft.sql/servers','SQL server',type =~ 'microsoft.sqlvirtualmachine/sqlvirtualmachines','SQL virtual machine',type =~ 'microsoft.sql/virtualclusters','Virtual cluster',type =~ 'microsoft.avs/privateclouds','Azure VMware Solution private cloud',type =~ 'wandisco.fusion/migrators/datatransferagents','DataTransferAgent',type =~ 'wandisco.fusion/migrators/exclusiontemplates','Exclusion',type =~ 'wandisco.fusion/migrators/livedatamigrations','Migration',type =~ 'wandisco.fusion/migrators/metadatamigrations','Metadata Migration',type =~ 'wandisco.fusion/migrators/metadatatargets','Metadata Target',type =~ 'wandisco.fusion/migrators','LiveData Migrator',type =~ 'wandisco.fusion/migrators/pathmappings','Path Mapping',type =~ 'wandisco.fusion/migrators/targets','Target',type =~ 'microsoft.domainregistration/domains','App Service Domain',type =~ 'microsoft.web/hostingenvironments','App Service Environment',(type =~ 'microsoft.web/kubeenvironments') and (kind =~ 'default'),'App Service Kubernetes Environment',(type =~ 'microsoft.web/kubeenvironments') and (kind =~ 'containerenvironment'),'Container Apps Environment',type =~ 'microsoft.web/kubeenvironments','App Service Kubernetes Environment',type =~ 'microsoft.app/containerapps','Container App',type =~ 'microsoft.app/connectedenvironments','Container Apps Connected Environment',type =~ 'microsoft.app/managedenvironments','Container Apps Environment',type =~ 'microsoft.app/jobs','Container App Job (Preview)',type =~ 'microsoft.certificateregistration/certificateorders','App Service Certificate',type =~ 'microsoft.web/staticsites','Static Web App',(type =~ 'microsoft.web/serverfarms') and (kind =~ 'app,linux'),'App Service plan',(type =~ 'microsoft.web/serverfarms') and (kind =~ 'app,linux,container'),'App Service plan',(type =~ 'microsoft.web/serverfarms') and (kind =~ 'functionapp,linux'),'App Service plan',(type =~ 'microsoft.web/serverfarms') and (kind =~ 'functionapp,linux,container'),'App Service plan',(type =~ 'microsoft.web/serverfarms') and (kind =~ 'linux'),'App Service plan',(type =~ 'microsoft.web/serverfarms') and (kind =~ 'functionapp'),'App Service plan',(type =~ 'microsoft.web/serverfarms') and (kind =~ 'xenon'),'App Service plan',(type =~ 'microsoft.web/serverfarms') and (kind =~ 'windows'),'App Service plan',(type =~ 'microsoft.web/serverfarms') and (kind =~ 'elastic'),'App Service plan',(type =~ 'microsoft.web/serverfarms') and (kind =~ 'elastic,linux'),'App Service plan',type =~ 'microsoft.web/serverfarms','App Service plan',(type =~ 'microsoft.web/sites') and (kind =~ 'default'),'App Service',(type =~ 'microsoft.web/sites') and (kind =~ 'mobileapp'),'App Service',(type =~ 'microsoft.web/sites') and (kind =~ 'mobileapp,entitlement'),'App Service',(type =~ 'microsoft.web/sites') and (kind =~ 'webjob'),'App Service',(type =~ 'microsoft.web/sites') and (kind =~ 'app'),'App Service',(type =~ 'microsoft.web/sites') and (kind =~ 'app,linux'),'App Service',(type =~ 'microsoft.web/sites') and (kind =~ 'app,linux,container'),'App Service',(type =~ 'microsoft.web/sites') and (kind =~ 'app,container,windows'),'App Service',(type =~ 'microsoft.web/sites') and (kind =~ 'api'),'App Service',(type =~ 'microsoft.web/sites') and (kind =~ 'api,linux'),'App Service',(type =~ 'microsoft.web/sites') and (kind =~ 'linux,api'),'App Service',(type =~ 'microsoft.web/sites') and (kind =~ 'api,linux,container'),'App Service',(type =~ 'microsoft.web/sites') and (kind =~ 'api,linux,container,kubernetes'),'App Service',(type =~ 'microsoft.web/sites') and (kind =~ 'api,linux,kubernetes'),'App Service',(type =~ 'microsoft.web/sites') and (kind =~ 'api,kubernetes'),'App Service',(type =~ 'microsoft.web/sites') and (kind =~ 'apiapp'),'App Service',(type =~ 'microsoft.web/sites') and (kind =~ 'api,entitlement'),'App Service',(type =~ 'microsoft.web/sites') and (kind =~ 'functionapp'),'Function App',(type =~ 'microsoft.web/sites') and (kind =~ 'functionapp,linux'),'Function App',(type =~ 'microsoft.web/sites') and (kind =~ 'functionapp,linux,container'),'Function App',(type =~ 'microsoft.web/sites') and (kind =~ 'functionapp,linux,container,kubernetes'),'Function App',(type =~ 'microsoft.web/sites') and (kind =~ 'functionapp,linux,kubernetes'),'Function App',(type =~ 'microsoft.web/sites') and (kind =~ 'functionapp,kubernetes'),'Function App',(type =~ 'microsoft.web/sites') and (kind =~ 'functionapp,linux,container,azurecontainerapps'),'Function App',\"\")\n| extend typeDisplayName2=case((type =~ 'microsoft.web/sites') and (kind =~ 'functionapp,workflowapp'),'Logic App (Standard)',(type =~ 'microsoft.web/sites') and (kind =~ 'functionapp,linux,workflowapp'),'Logic App (Standard)',(type =~ 'microsoft.web/sites') and (kind =~ 'functionapp,linux,container,workflowapp'),'Logic App (Standard)',(type =~ 'microsoft.web/sites') and (kind =~ 'functionapp,linux,container,workflowapp,kubernetes'),'Logic App (Standard)',(type =~ 'microsoft.web/sites') and (kind =~ 'functionapp,linux,workflowapp,kubernetes'),'Logic App (Standard)',(type =~ 'microsoft.web/sites') and (kind =~ 'functionapp,workflowapp,kubernetes'),'Logic App (Standard)',(type =~ 'microsoft.web/sites') and (kind =~ 'functionapp,container,workflowapp,kubernetes'),'Logic App (Standard)',type =~ 'microsoft.web/sites','App Service',(type =~ 'microsoft.web/sites/slots') and (kind =~ 'functionapp'),'App Service (Slot)',type =~ 'microsoft.web/sites/slots','App Service (Slot)',\"\")\n| extend typeDisplayName=coalesce(typeDisplayName1,typeDisplayName2,type)\n| extend locationDisplayName=case(location =~ 'eastus','East US',location =~ 'eastus2','East US 2',location =~ 'southcentralus','South Central US',location =~ 'westus2','West US 2',location =~ 'westus3','West US 3',location =~ 'australiaeast','Australia East',location =~ 'southeastasia','Southeast Asia',location =~ 'northeurope','North Europe',location =~ 'swedencentral','Sweden Central',location =~ 'uksouth','UK South',location =~ 'westeurope','West Europe',location =~ 'centralus','Central US',location =~ 'southafricanorth','South Africa North',location =~ 'centralindia','Central India',location =~ 'eastasia','East Asia',location =~ 'japaneast','Japan East',location =~ 'koreacentral','Korea Central',location =~ 'canadacentral','Canada Central',location =~ 'francecentral','France Central',location =~ 'germanywestcentral','Germany West Central',location =~ 'norwayeast','Norway East',location =~ 'polandcentral','Poland Central',location =~ 'switzerlandnorth','Switzerland North',location =~ 'uaenorth','UAE North',location =~ 'brazilsouth','Brazil South',location =~ 'qatarcentral','Qatar Central',location =~ 'centralusstage','Central US (Stage)',location =~ 'eastusstage','East US (Stage)',location =~ 'eastus2stage','East US 2 (Stage)',location =~ 'northcentralusstage','North Central US (Stage)',location =~ 'southcentralusstage','South Central US (Stage)',location =~ 'westusstage','West US (Stage)',location =~ 'westus2stage','West US 2 (Stage)',location =~ 'asia','Asia',location =~ 'asiapacific','Asia Pacific',location =~ 'australia','Australia',location =~ 'brazil','Brazil',location =~ 'canada','Canada',location =~ 'europe','Europe',location =~ 'france','France',location =~ 'germany','Germany',location =~ 'global','Global',location =~ 'india','India',location =~ 'japan','Japan',location =~ 'korea','Korea',location =~ 'norway','Norway',location =~ 'singapore','Singapore',location =~ 'southafrica','South Africa',location =~ 'switzerland','Switzerland',location =~ 'uae','United Arab Emirates',location =~ 'uk','United Kingdom',location =~ 'unitedstates','United States',location =~ 'unitedstateseuap','United States EUAP',location =~ 'eastasiastage','East Asia (Stage)',location =~ 'southeastasiastage','Southeast Asia (Stage)',location =~ 'brazilus','Brazil US',location =~ 'northcentralus','North Central US',location =~ 'westus','West US',location =~ 'jioindiawest','Jio India West',location =~ 'westcentralus','West Central US',location =~ 'southafricawest','South Africa West',location =~ 'australiacentral','Australia Central',location =~ 'australiacentral2','Australia Central 2',location =~ 'australiasoutheast','Australia Southeast',location =~ 'japanwest','Japan West',location =~ 'jioindiacentral','Jio India Central',location =~ 'koreasouth','Korea South',location =~ 'southindia','South India',location =~ 'westindia','West India',location =~ 'canadaeast','Canada East',location =~ 'francesouth','France South',location =~ 'germanynorth','Germany North',location =~ 'norwaywest','Norway West',location =~ 'switzerlandwest','Switzerland West',location =~ 'ukwest','UK West',location =~ 'uaecentral','UAE Central',location =~ 'brazilsoutheast','Brazil Southeast',location)\n| where ((type in~ ('microsoft.insights/components','microsoft.insights/privatelinkscopes','microsoft.insights/webtests','microsoft.insights/workbooks','microsoft.insights/workbooktemplates','microsoft.appplatform/spring','microsoft.cache/redisenterprise','microsoft.cache/redisenterprise/databases','microsoft.cache/redis','microsoft.visualstudio/account','microsoft.visualstudio/account/project','microsoft.devops/pipelines','microsoft.confluent/organizations','microsoft.datadog/monitors','dell.storage/filesystems','dynatrace.observability/monitors','microsoft.elastic/monitors','informatica.datamanagement/organizations','microsoft.logz/monitors','microsoft.logz/monitors/accounts','newrelic.observability/monitors','nginx.nginxplus/nginxdeployments','paloaltonetworks.cloudngfw/firewalls','paloaltonetworks.cloudngfw/globalrulestacks','paloaltonetworks.cloudngfw/localrulestacks','qumulo.storage/filesystems','solarwinds.observability/organizations','citrix.services/xenappessentials','citrix.services/xendesktopessentials','microsoft.resourcegraph/queries','microsoft.portal/dashboards','microsoft.portal/virtual-privatedashboards','microsoft.resources/subscriptions/resourcegroups','microsoft.azureactivedirectory/b2cdirectories','microsoft.azureactivedirectory/ciamdirectories','microsoft.azureactivedirectory/guestusages','microsoft.aad/domainservices','microsoft.aadiam/privatelinkforazuread','providers.test/statefulibizaengines','microsoft.azurestackhci/clusters','microsoft.azurestackhci/galleryimages','microsoft.azurestackhci/marketplacegalleryimages','microsoft.deviceupdate/accounts','microsoft.cdn/profiles','microsoft.agfoodplatform/farmbeats','microsoft.analysisservices/servers','microsoft.fabric/capacities','microsoft.anybuild/clusters','microsoft.mobilenetwork/packetcorecontrolplanes/packetcoredataplanes/attacheddatanetworks','microsoft.mobilenetwork/packetcorecontrolplanes','microsoft.mobilenetwork/mobilenetworks/datanetworks','microsoft.mobilenetwork/packetcorecontrolplanes/packetcoredataplanes','microsoft.mobilenetwork/mobilenetworks','microsoft.mobilenetwork/mobilenetworks/services','microsoft.mobilenetwork/simgroups/sims','microsoft.mobilenetwork/simgroups','microsoft.mobilenetwork/mobilenetworks/simpolicies','microsoft.mobilenetwork/mobilenetworks/sites','microsoft.mobilenetwork/mobilenetworks/slices','microsoft.apimanagement/service','microsoft.apimanagement/service/workspaces','microsoft.solutions/applicationdefinitions','microsoft.solutions/applications','microsoft.vsonline/plans','microsoft.attestation/attestationproviders','microsoft.automanage/serviceprincipals','microsoft.automation/automationaccounts','microsoft.automation/automationaccounts/modules','microsoft.automation/automationaccounts/hybridrunbookworkergroups','microsoft.automation/automationaccounts/runbooks','microsoft.appconfiguration/configurationstores','microsoft.batch/batchaccounts','microsoft.resources/subscriptions','microsoft.autonomoussystems/workspaces','microsoft.botservice/botservices','microsoft.cdn/profiles/endpoints/customdomains','microsoft.cdn/profiles/endpoints','microsoft.cdn/profiles/customdomains','microsoft.cdn/profiles/afdendpoints','microsoft.cdn/profiles/origingroups/origins','microsoft.cdn/profiles/origingroups','microsoft.cdn/profiles/afdendpoints/routes','microsoft.cdn/profiles/rulesets/rules','microsoft.cdn/profiles/rulesets','microsoft.cdn/profiles/secrets','microsoft.cdn/profiles/securitypolicies','microsoft.cdn/profiles/endpoints/origins','microsoft.chaos/experiments','microsoft.classicstorage/storageaccounts/disks','microsoft.classicstorage/storageaccounts/osimages','microsoft.classicstorage/storageaccounts/vmimages','microsoft.classiccompute/virtualmachines','microsoft.loadtestservice/loadtests','microsoft.classiccompute/domainnames','microsoft.classiccompute/domainnames/slots/roles','microsoft.compute/cloudservices','microsoft.cloudtest/accounts','microsoft.cloudtest/hostedpools','microsoft.cloudtest/images','microsoft.cloudtest/pools','microsoft.codesigning/codesigningaccounts','microsoft.communication/communicationservices','microsoft.voiceservices/communicationsgateways','microsoft.voiceservices/communicationsgateways/testlines','microsoft.compute/availabilitysets','microsoft.compute/capacityreservationgroups','microsoft.compute/hostgroups','microsoft.compute/hostgroups/hosts','microsoft.compute/proximityplacementgroups','microsoft.compute/sshpublickeys','microsoft.all/virtualmachines','microsoft.compute/virtualmachines','microsoft.compute/virtualmachinescalesets','microsoft.confidentialledger/managedccfs','microsoft.confidentialledger/ledgers','microsoft.connectedvehicle/platformaccounts','microsoft.containerregistry/registries','microsoft.containerregistry/registries/replications','microsoft.containerregistry/registries/scopemaps','microsoft.containerregistry/registries/tokens','microsoft.containerregistry/registries/webhooks','microsoft.redhatopenshift/openshiftclusters','microsoft.containerservice/fleets','microsoft.kubernetesconfiguration/extensions','microsoft.containerservice/managedclusters/microsoft.kubernetesconfiguration/extensions','microsoft.containerservice/managedclusters','microsoft.containerinstance/containergroups','microsoft.kubernetes/connectedclusters/microsoft.kubernetesconfiguration/namespaces','microsoft.containerservice/managedclusters/microsoft.kubernetesconfiguration/namespaces','microsoft.kubernetes/connectedclusters/microsoft.kubernetesconfiguration/fluxconfigurations','microsoft.containerservice/managedclusters/microsoft.kubernetesconfiguration/fluxconfigurations','microsoft.portalservices/extensions/deployments','microsoft.portalservices/extensions','microsoft.portalservices/extensions/slots','microsoft.portalservices/extensions/versions','microsoft.azuredatatransfer/connections','microsoft.azuredatatransfer/connections/flows','microsoft.azuredatatransfer/pipelines','microsoft.dashboard/grafana','microsoft.databasewatcher/watchers','microsoft.databricks/accessconnectors','microsoft.databricks/workspaces','microsoft.datacatalog/catalogs','microsoft.datacollaboration/workspaces','microsoft.datafactory/datafactories','microsoft.datafactory/factories','microsoft.datalakeanalytics/accounts','microsoft.datalakestore/accounts','microsoft.dataprotection/backupvaults','microsoft.dataprotection/resourceguards','microsoft.datashare/accounts','microsoft.clusterstor/nodes','microsoft.baremetal/crayservers','microsoft.baremetal/monitoringservers','microsoft.securitydetonation/chambers','microsoft.devcenter/devcenters/devboxdefinitions','microsoft.devcenter/devcenters','microsoft.devcenter/networkconnections','microsoft.devcenter/projects/pools','microsoft.devcenter/projects','microsoft.deviceregistry/devices','microsoft.devtestlab/labs','microsoft.devtestlab/labs/virtualmachines','microsoft.digitaltwins/digitaltwinsinstances','microsoft.compute/locations/communitygalleries/images','microsoft.compute/disks','microsoft.compute/diskaccesses','microsoft.compute/diskencryptionsets','microsoft.storagepool/diskpools','microsoft.compute/galleries/applications','microsoft.compute/galleries/applications/versions','microsoft.compute/galleries/images','microsoft.compute/images','microsoft.virtualmachineimages/imagetemplates','microsoft.compute/galleries/images/versions','microsoft.compute/restorepointcollections/restorepoints','microsoft.compute/restorepointcollections','microsoft.compute/galleries','microsoft.compute/snapshots','microsoft.datamigration/services','microsoft.datamigration/services/projects','microsoft.datamigration/sqlmigrationservices','microsoft.network/dnszones','microsoft.network/trafficmanagerprofiles','microsoft.network/dnsforwardingrulesets','microsoft.network/dnsresolvers','microsoft.documentdb/databaseaccounts','microsoft.documentdb/cassandraclusters','microsoft.documentdb/mongoclusters','microsoft.dbforpostgresql/servergroupsv2','microsoft.easm/workspaces','microsoft.databoxedge/databoxedgedevices','microsoft.edgeorder/addresses','microsoft.edgeorder/orderitems','microsoft.elasticsan/elasticsans','microsoft.web/connections','microsoft.web/customapis','microsoft.web/connectiongateways','microsoft.logic/integrationaccounts','microsoft.logic/integrationserviceenvironments','microsoft.logic/integrationserviceenvironments/managedapis','microsoft.logic/workflows','microsoft.communication/emailservices/domains','microsoft.communication/emailservices','microsoft.eventgrid/partnernamespaces/channels','microsoft.eventgrid/domains','microsoft.eventgrid/domains/topics','microsoft.eventgrid/namespaces/topics','microsoft.eventgrid/partnerconfigurations','microsoft.eventgrid/partnerdestinations','microsoft.eventgrid/partnernamespaces','microsoft.eventgrid/partnerregistrations','microsoft.eventgrid/partnertopics','microsoft.eventgrid/namespaces','microsoft.eventgrid/namespaces/topics/eventsubscriptions','microsoft.eventgrid/systemtopics','microsoft.eventgrid/topics','microsoft.eventhub/namespaces','microsoft.eventhub/clusters','microsoft.eventhub/namespaces/eventhubs','microsoft.eventhub/namespaces/schemagroups','microsoft.eventhub/namespaces/disasterrecoveryconfigs','microsoft.experimentation/experimentworkspaces','microsoft.databox/jobs','microsoft.edgezones/edgezones','microsoft.fluidrelay/fluidrelayservers','microsoft.network/frontdoors','github.enterprise/accounts','microsoft.hdinsight/clusters','microsoft.hdinsight/clusterpools/clusters','microsoft.hdinsight/clusterpools','microsoft.healthbot/healthbots','microsoft.resourceconnector/appliances','microsoft.arc/kubernetesresources','microsoft.arc/kubernetesresourcesfairfax','microsoft.kubernetes/connectedclusters','microsoft.kubernetes/connectedclusters/microsoft.kubernetesconfiguration/extensions','microsoft.hybridcontainerservice/provisionedclusters','microsoft.all/arcvirtualmachines','microsoft.scvmm/virtualmachines','microsoft.arc/all','microsoft.arc/allfairfax','microsoft.azurestackhci/virtualmachines','microsoft.extendedlocation/customlocations','microsoft.hybridcompute/machines','microsoft.hybridcompute/privatelinkscopes','microsoft.scvmm/vmmservers','microsoft.connectedvmwarevsphere/vcenters','microsoft.connectedvmwarevsphere/virtualmachines','microsoft.hybridcompute/machines/microsoft.connectedvmwarevsphere/virtualmachineinstances','microsoft.azurearcdata/datacontrollers','microsoft.azurearcdata/postgresinstances','microsoft.azurearcdata/sqlmanagedinstances','microsoft.azurearcdata/sqlserverinstances','microsoft.azurearcdata/sqlserverinstances/databases','microsoft.network/applicationgateways','microsoft.network/bastionhosts','microsoft.network/azurefirewalls','microsoft.network/connections','microsoft.network/expressroutecircuits','microsoft.network/expressrouteports','microsoft.network/expressroutegateways','microsoft.network/expressroutegateways/expressrouteconnections','microsoft.networkfunction/azuretrafficcollectors','microsoft.network/firewallpolicies','microsoft.network/ipgroups','microsoft.network/localnetworkgateways','microsoft.networkfunction/meshvpns','microsoft.network/routefilters','microsoft.network/virtualnetworkgateways','microsoft.network/virtualhubs','microsoft.network/virtualwans','microsoft.network/networkexperimentprofiles','microsoft.iotcentral/iotapps','microsoft.devices/provisioningservices','microsoft.devices/iothubs','microsoft.storagesync/storagesyncservices','microsoft.keyvault/vaults','microsoft.kusto/clusters','microsoft.kusto/clusters/databases','microsoft.synapse/workspaces/kustopools','microsoft.synapse/workspaces/kustopools/databases','microsoft.maps/accounts/creators','microsoft.maps/accounts','microsoft.maintenance/maintenanceconfigurations','microsoft.keyvault/managedhsms','microsoft.labservices/labs','microsoft.labservices/labaccounts','microsoft.labservices/labplans','microsoft.labservices/labaccounts/labs','microsoft.network/networkmanagers','microsoft.network/networkmanagers/connectivityconfigurations','microsoft.network/networkmanagers/networkgroups','microsoft.network/networkmanagers/securityadminconfigurations','microsoft.network/networkmanagers/securityuserconfigurations','microsoft.network/networkmanagers/routingconfigurations','microsoft.managedidentity/userassignedidentities','microsoft.gallery/myareas/galleryitems','microsoft.saas/saasresources','microsoft.saas/applications','microsoft.saas/resources','microsoft.media/mediaservices/liveevents','microsoft.media/mediaservices','microsoft.media/mediaservices/streamingendpoints','microsoft.metaverse/metaverses/events','microsoft.metaverse/metaverses','microsoft.metaverse/metaverses/spaces','microsoft.metaverse/metaverses/templates','microsoft.migrate/projects','microsoft.machinelearning/commitmentplans','microsoft.machinelearningservices/workspaces/onlineendpoints/deployments','microsoft.machinelearningservices/workspaces/onlineendpoints','microsoft.machinelearningservices/registries','microsoft.machinelearningservices/workspaces','microsoft.machinelearning/webservices','microsoft.machinelearning/workspaces','microsoft.modsimworkbench/workbenches/chambers','microsoft.modsimworkbench/workbenches/chambers/connectors','microsoft.modsimworkbench/workbenches/chambers/files','microsoft.modsimworkbench/workbenches/chambers/filerequests','microsoft.modsimworkbench/workbenches/chambers/licenses','microsoft.modsimworkbench/workbenches/chambers/storages','microsoft.modsimworkbench/workbenches/chambers/workloads','microsoft.modsimworkbench/workbenches/sharedstorages','microsoft.modsimworkbench/workbenches','microsoft.eventhub/namespaces/providers/diagnosticsettings','microsoft.insights/diagnosticsettings','microsoft.insights/datacollectionendpoints','microsoft.insights/datacollectionrules','microsoft.monitor/accounts','microsoft.insights/actiongroups','microsoft.insights/activitylogalerts','microsoft.alertsmanagement/actionrules','microsoft.insights/scheduledqueryrules','microsoft.insights/metricalerts','microsoft.alertsmanagement/smartdetectoralertrules','microsoft.netapp/netappaccounts','microsoft.netapp/netappaccounts/capacitypools','microsoft.netapp/netappaccounts/capacitypools/volumes/snapshots','microsoft.netapp/netappaccounts/snapshotpolicies','microsoft.netapp/netappaccounts/capacitypools/volumes','microsoft.netapp/netappaccounts/volumegroups','microsoft.netapp/netappaccounts/capacitypools/volumes/volumequotarules','microsoft.network/applicationsecuritygroups','microsoft.classicnetwork/networksecuritygroups','microsoft.classicnetwork/virtualnetworks','microsoft.network/customipprefixes','microsoft.network/ddosprotectionplans','microsoft.compute/virtualmachines/providers/guestconfigurationassignments','microsoft.hybridcompute/machines/providers/guestconfigurationassignments','microsoft.compute/virtualmachinescalesets/providers/guestconfigurationassignments','microsoft.connectedvmwarevsphere/virtualmachines/providers/guestconfigurationassignments','microsoft.network/loadbalancers','microsoft.network/natgateways','microsoft.network/networkinterfaces','microsoft.network/networksecuritygroups','microsoft.network/networkwatchers','microsoft.network/networkwatchers/flowlogs','microsoft.network/privateendpoints','microsoft.management/managementgroups/providers/privatelinkassociations','microsoft.network/privatelinkservices','microsoft.network/publicipaddresses','microsoft.network/publicipprefixes','microsoft.classicnetwork/reservedips','microsoft.authorization/resourcemanagementprivatelinks','microsoft.network/routetables','microsoft.network/serviceendpointpolicies','microsoft.network/virtualnetworks','microsoft.network/virtualnetworktaps','microsoft.network/applicationgatewaywebapplicationfirewallpolicies','microsoft.cdn/cdnwebapplicationfirewallpolicies','microsoft.network/frontdoorwebapplicationfirewallpolicies','microsoft.network/networksecurityperimeters/profiles','microsoft.network/networksecurityperimeters','microsoft.network/networkverifiers','microsoft.notificationhubs/namespaces','microsoft.notificationhubs/namespaces/notificationhubs','microsoft.openenergyplatform/energyservices','microsoft.openlogisticsplatform/workspaces','microsoft.scom/managedinstances','microsoft.orbital/cloudaccessrouters','microsoft.orbital/terminals','microsoft.orbital/sdwancontrollers','microsoft.orbital/spacecrafts/contacts','microsoft.orbital/contactprofiles','microsoft.orbital/edgesites','microsoft.orbital/groundstations','microsoft.orbital/l2connections','microsoft.orbital/spacecrafts','microsoft.dbformysql/flexibleservers','microsoft.dbforpostgresql/flexibleservers','private.integrationservice/spaces','microsoft.peering/peerings','microsoft.peering/peeringservices','microsoft.peering/peeringservices/prefixes','microsoft.peering/peerings/registeredasns','microsoft.peering/peerings/registeredprefixes','microsoft.azureplaywrightservice/accounts','microsoft.powerbidedicated/capacities','microsoft.network/privatednszones','microsoft.purview/accounts','microsoft.cognitiveservices/browseallinone','microsoft.cognitiveservices/browseanomalydetector','microsoft.cognitiveservices/browseappliedai','microsoft.cognitiveservices/browseappliedaihub','microsoft.cognitiveservices/accounts','microsoft.cognitiveservices/browsecomputervision','microsoft.cognitiveservices/browsecontentmoderator','microsoft.cognitiveservices/browsecontentsafety','microsoft.cognitiveservices/browsecustomvision','microsoft.cognitiveservices/browseface','microsoft.cognitiveservices/browseformrecognizer','microsoft.cognitiveservices/browsehealthdecisionsupport','microsoft.cognitiveservices/browsehealthinsights','microsoft.cognitiveservices/browseimmersivereader','microsoft.cognitiveservices/browseluis','microsoft.cognitiveservices/browsemetricsadvisor','microsoft.cognitiveservices/browseopenai','microsoft.cognitiveservices/browsepersonalizer','microsoft.cognitiveservices/browseqnamaker','microsoft.cognitiveservices/browsespeechservices','microsoft.cognitiveservices/browsetextanalytics','microsoft.cognitiveservices/browsetexttranslation','microsoft.quantum/workspaces','microsoft.recommendationsservice/accounts','microsoft.recommendationsservice/accounts/modeling','microsoft.recommendationsservice/accounts/serviceendpoints','microsoft.recoveryservices/vaults','microsoft.recoveryservicesbvtd/vaults','microsoft.recoveryservicesbvtd2/vaults','microsoft.recoveryservicesintd/vaults','microsoft.recoveryservicesintd2/vaults','microsoft.recoveryservices/vaults/backupfabrics/protectioncontainers/protecteditems','microsoft.relay/namespaces/hybridconnections','microsoft.relay/namespaces','microsoft.relay/namespaces/wcfrelays','microsoft.billing/billingaccounts/incentiveschedules','microsoft.billingbenefits/incentiveschedules','microsoft.capacity/reservationorders/reservations','microsoft.billing/billingaccounts/savingsplanorders/savingsplans','microsoft.billingbenefits/savingsplanorders/savingsplans','microsoft.billing/billingaccounts/incentiveschedules/milestones','microsoft.billingbenefits/incentiveschedules/milestones','microsoft.capacity/reservationorders','microsoft.billing/billingaccounts/savingsplanorders','microsoft.billingbenefits/savingsplanorders','microsoft.deploymentmanager/rollouts','microsoft.resources/deploymentstacks','microsoft.resources/deploymentstacks/snapshots','microsoft.resources/resourcechanges','microsoft.baremetalinfrastructure/baremetalinstances','microsoft.hanaonazure/hanainstances','microsoft.workloads/sapvirtualinstances/applicationinstances','microsoft.workloads/sapvirtualinstances/centralinstances','microsoft.workloads/sapvirtualinstances/databaseinstances','microsoft.workloads/sapvirtualinstances','microsoft.search/allsearchresources','microsoft.cognitivesearch/indexes','private.search/indexes','microsoft.search/searchservices','microsoft.security/locations/alerts','microsoft.securityinsightsarg/sentinel','microsoft.servicebus/namespaces','microsoft.servicebus/namespaces/disasterrecoveryconfigs','microsoft.servicebus/namespaces/queues','microsoft.servicebus/namespaces/topics/subscriptions','microsoft.servicebus/namespaces/topics','microsoft.servicefabric/managedclusters','microsoft.servicefabric/clusters','microsoft.signalrservice/signalr','microsoft.signalrservice/webpubsub','microsoft.datareplication/replicationvaults','microsoft.classicstorage/storageaccounts','microsoft.storage/storageaccounts','microsoft.storagecache/amlfilesystems','microsoft.storagecache/caches','microsoft.storagemover/storagemovers','microsoft.storage/storagetasks','microsoft.streamanalytics/clusters','microsoft.streamanalytics/streamingjobs','microsoft.support/supporttickets','microsoft.synapse/privatelinkhubs','microsoft.synapse/workspaces/scopepools','microsoft.synapse/workspaces/bigdatapools','microsoft.synapse/workspaces/sqlpools','microsoft.synapse/workspaces','microsoft.resources/builtintemplatespecs','microsoft.resources/templatespecs','microsoft.management/managementgroups/providers/templatespecs','microsoft.resources/deploymentscripts','microsoft.timeseriesinsights/environments/accesspolicies','microsoft.timeseriesinsights/environments','microsoft.timeseriesinsights/environments/eventsources','microsoft.timeseriesinsights/environments/referencedatasets','microsoft.testbase/testbaseaccounts/packages','microsoft.testbase/testbaseaccounts','microsoft.testbase/testbaseaccounts/testconfigurations','microsoft.mission/catalogs','microsoft.mission/communities','microsoft.mission/virtualenclaves/endpoints','microsoft.mission/externalconnections','microsoft.mission/internalconnections','microsoft.mission/virtualenclaves','microsoft.mission/virtualenclaves/workloads','microsoft.hybridnetwork/configurationgroupvalues','microsoft.hybridnetwork/publishers/configurationgroupschemas','microsoft.hybridnetwork/publishers/networkfunctiondefinitiongroups','microsoft.hybridnetwork/publishers/networkfunctiondefinitiongroups/networkfunctiondefinitionversions','microsoft.hybridnetwork/publishers/networkservicedesigngroups','microsoft.hybridnetwork/publishers/networkservicedesigngroups/networkservicedesignversions','microsoft.hybridnetwork/publishers/artifactstores/artifactmanifests','microsoft.hybridnetwork/publishers/artifactstores','microsoft.hybridnetwork/publishers','microsoft.hybridnetwork/sites','microsoft.hybridnetwork/sitenetworkservices','microsoft.networkanalytics/dataconnectors','microsoft.networkanalytics/datalakehouses','microsoft.hybridnetwork/devices','microsoft.hybridnetwork/vendors','microsoft.hybridnetwork/networkfunctions','microsoft.windowspushnotificationservices/registrations','microsoft.hanaonazure/sapmonitors','microsoft.workloads/monitors','microsoft.desktopvirtualization/applicationgroups','microsoft.desktopvirtualization/hostpools','microsoft.desktopvirtualization/scalingplans','microsoft.desktopvirtualization/workspaces','microsoft.bing/accounts','microsoft.mixedreality/objectanchorsaccounts','microsoft.mixedreality/objectunderstandingaccounts','microsoft.mixedreality/remoterenderingaccounts','microsoft.mixedreality/spatialanchorsaccounts','microsoft.connectedcache/cachenodes','microsoft.connectedcache/enterprisecustomers','microsoft.connectedcache/enterprisemcccustomers','microsoft.connectedcache/ispcustomers','microsoft.healthcareapis/workspaces/dicomservices','microsoft.healthcareapis/services','microsoft.healthcareapis/workspaces','microsoft.healthcareapis/workspaces/iotconnectors','microsoft.healthcareapis/workspaces/fhirservices','microsoft.operationsmanagement/solutions','microsoft.operationalinsights/workspaces','microsoft.operationalinsights/querypacks','microsoft.genomics/accounts','microsoft.serviceshub/connectors','microsoft.videoindexer/accounts','microsoft.windowsesu/multipleactivationkeys','microsoft.azurescan/scanningaccounts','microsoft.sql/azuresql','microsoft.sql/servers/databases','microsoft.sql/servers/jobagents','microsoft.sql/servers/elasticpools','microsoft.sql/instancepools','microsoft.sql/managedinstances/databases','microsoft.sql/managedinstances','microsoft.dbformariadb/servers','microsoft.dbformysql/servers','microsoft.dbforpostgresql/servers','microsoft.sql/servers','microsoft.sqlvirtualmachine/sqlvirtualmachines','microsoft.sql/virtualclusters','microsoft.avs/privateclouds','wandisco.fusion/migrators/datatransferagents','wandisco.fusion/migrators/exclusiontemplates','wandisco.fusion/migrators/livedatamigrations','wandisco.fusion/migrators/metadatamigrations','wandisco.fusion/migrators/metadatatargets','wandisco.fusion/migrators','wandisco.fusion/migrators/pathmappings','wandisco.fusion/migrators/targets','microsoft.domainregistration/domains','microsoft.web/hostingenvironments','microsoft.web/kubeenvironments','microsoft.app/containerapps','microsoft.app/connectedenvironments','microsoft.app/managedenvironments','microsoft.app/jobs','microsoft.certificateregistration/certificateorders','microsoft.web/staticsites','microsoft.web/serverfarms','microsoft.web/sites','microsoft.web/sites/slots')) or (isempty(type)))\n| where (type !~ ('dell.storage/filesystems'))\n| where (type !~ ('informatica.datamanagement/organizations'))\n| where (type !~ ('paloaltonetworks.cloudngfw/globalrulestacks'))\n| where (type !~ ('solarwinds.observability/organizations'))\n| where (type !~ ('microsoft.azureactivedirectory/ciamdirectories'))\n| where (type !~ ('microsoft.agfoodplatform/farmbeats'))\n| where (type !~ ('microsoft.anybuild/clusters'))\n| where (type !~ ('microsoft.cdn/profiles/customdomains'))\n| where (type !~ ('microsoft.cdn/profiles/afdendpoints'))\n| where (type !~ ('microsoft.cdn/profiles/origingroups/origins'))\n| where (type !~ ('microsoft.cdn/profiles/origingroups'))\n| where (type !~ ('microsoft.cdn/profiles/afdendpoints/routes'))\n| where (type !~ ('microsoft.cdn/profiles/rulesets/rules'))\n| where (type !~ ('microsoft.cdn/profiles/rulesets'))\n| where (type !~ ('microsoft.cdn/profiles/secrets'))\n| where (type !~ ('microsoft.cdn/profiles/securitypolicies'))\n| where (type !~ ('microsoft.cloudtest/accounts'))\n| where (type !~ ('microsoft.cloudtest/hostedpools'))\n| where (type !~ ('microsoft.cloudtest/images'))\n| where (type !~ ('microsoft.cloudtest/pools'))\n| where (type !~ ('microsoft.codesigning/codesigningaccounts'))\n| where (type !~ ('microsoft.kubernetesconfiguration/extensions'))\n| where (type !~ ('microsoft.containerservice/managedclusters/microsoft.kubernetesconfiguration/extensions'))\n| where (type !~ ('microsoft.kubernetes/connectedclusters/microsoft.kubernetesconfiguration/namespaces'))\n| where (type !~ ('microsoft.containerservice/managedclusters/microsoft.kubernetesconfiguration/namespaces'))\n| where (type !~ ('microsoft.kubernetes/connectedclusters/microsoft.kubernetesconfiguration/fluxconfigurations'))\n| where (type !~ ('microsoft.containerservice/managedclusters/microsoft.kubernetesconfiguration/fluxconfigurations'))\n| where (type !~ ('microsoft.portalservices/extensions/deployments'))\n| where (type !~ ('microsoft.portalservices/extensions'))\n| where (type !~ ('microsoft.portalservices/extensions/slots'))\n| where (type !~ ('microsoft.portalservices/extensions/versions'))\n| where (type !~ ('microsoft.azuredatatransfer/connections'))\n| where (type !~ ('microsoft.azuredatatransfer/connections/flows'))\n| where (type !~ ('microsoft.azuredatatransfer/pipelines'))\n| where (type !~ ('microsoft.databasewatcher/watchers'))\n| where (type !~ ('microsoft.datacollaboration/workspaces'))\n| where (type !~ ('microsoft.deviceregistry/devices'))\n| where (type !~ ('microsoft.hdinsight/clusterpools/clusters'))\n| where (type !~ ('microsoft.hdinsight/clusterpools'))\n| where (type !~ ('microsoft.kubernetes/connectedclusters/microsoft.kubernetesconfiguration/extensions'))\n| where (type !~ ('microsoft.network/virtualhubs')) or ((kind =~ ('routeserver')))\n| where (type !~ ('microsoft.metaverse/metaverses'))\n| where (type !~ ('microsoft.modsimworkbench/workbenches/chambers'))\n| where (type !~ ('microsoft.modsimworkbench/workbenches/chambers/connectors'))\n| where (type !~ ('microsoft.modsimworkbench/workbenches/chambers/files'))\n| where (type !~ ('microsoft.modsimworkbench/workbenches/chambers/filerequests'))\n| where (type !~ ('microsoft.modsimworkbench/workbenches/chambers/licenses'))\n| where (type !~ ('microsoft.modsimworkbench/workbenches/chambers/storages'))\n| where (type !~ ('microsoft.modsimworkbench/workbenches/chambers/workloads'))\n| where (type !~ ('microsoft.modsimworkbench/workbenches/sharedstorages'))\n| where (type !~ ('microsoft.modsimworkbench/workbenches'))\n| where (type !~ ('microsoft.insights/diagnosticsettings'))\n| where not((type =~ ('microsoft.network/serviceendpointpolicies')) and ((kind =~ ('internal'))))\n| where (type !~ ('microsoft.openlogisticsplatform/workspaces'))\n| where (type !~ ('microsoft.scom/managedinstances'))\n| where (type !~ ('microsoft.orbital/edgesites'))\n| where (type !~ ('microsoft.orbital/groundstations'))\n| where (type !~ ('microsoft.orbital/l2connections'))\n| where (type !~ ('microsoft.recommendationsservice/accounts/modeling'))\n| where (type !~ ('microsoft.recommendationsservice/accounts/serviceendpoints'))\n| where (type !~ ('microsoft.recoveryservicesbvtd/vaults'))\n| where (type !~ ('microsoft.recoveryservicesbvtd2/vaults'))\n| where (type !~ ('microsoft.recoveryservicesintd/vaults'))\n| where (type !~ ('microsoft.recoveryservicesintd2/vaults'))\n| where (type !~ ('microsoft.deploymentmanager/rollouts'))\n| where (type !~ ('microsoft.datareplication/replicationvaults'))\n| where (type !~ ('microsoft.storage/storagetasks'))\n| where not((type =~ ('microsoft.synapse/workspaces/sqlpools')) and ((kind =~ ('v3'))))\n| where (type !~ ('microsoft.mission/catalogs'))\n| where (type !~ ('microsoft.mission/communities'))\n| where (type !~ ('microsoft.mission/virtualenclaves/endpoints'))\n| where (type !~ ('microsoft.mission/externalconnections'))\n| where (type !~ ('microsoft.mission/internalconnections'))\n| where (type !~ ('microsoft.mission/virtualenclaves'))\n| where (type !~ ('microsoft.mission/virtualenclaves/workloads'))\n| where (type !~ ('microsoft.windowspushnotificationservices/registrations'))\n| where not((type =~ ('microsoft.sql/servers/databases')) and ((kind in~ ('system','v2.0,system','v12.0,system','v12.0,user,datawarehouse,gen2,analytics'))))\n| where not((type =~ ('microsoft.sql/servers')) and ((kind =~ ('v12.0,analytics'))))\n| project name,typeDisplayName,locationDisplayName,id,type,kind,location,subscriptionId,resourceGroup,tags,extendedLocation\n| sort by (tolower(tostring(name))) asc",
                  "isOptional": true
                },
                {
                  "name": "chartType",
                  "isOptional": true
                },
                {
                  "name": "isShared",
                  "isOptional": true
                },
                {
                  "name": "queryId",
                  "value": "",
                  "isOptional": true
                },
                {
                  "name": "formatResults",
                  "value": true,
                  "isOptional": true
                },
                {
                  "name": "queryScope",
                  "value": {
                    "scope": 0,
                    "values": []
                  },
                  "isOptional": true
                }
              ],
              "type": "Extension/HubsExtension/PartType/ArgQueryGridTile"
            }
          }
        }
      }
    },
    "metadata": {
      "model": {
        "timeRange": {
          "value": {
            "relative": {
              "duration": 24,
              "timeUnit": 1
            }
          },
          "type": "MsPortalFx.Composition.Configuration.ValueTypes.TimeRange"
        }
      }
    }
  }